{
    "x_bias": -0.30790398901367183,
    "y_bias": -0.6353874597167968,
    "z_bias": -9.59824115991211,
    "x_g_bias": -0.2873932926829269,
    "y_g_bias": -1.5276981707317074,
    "z_g_bias": 0.13672256097560975,
    "deadzone_x_a": 0.029673281494140637,
    "deadzone_y_a": 0.04216124633789066,
    "deadzone_z_a": 0.059820607666015324,
    "deadzone_x_g": 0.3629832317073171,
    "deadzone_y_g": 0.48153506097560983,
    "deadzone_z_g": 0.34323018292682933
}