{
    "x_accl_bias": -0.38317138671875,
    "y_accl_bias": -0.6777695312500001,
    "z_accl_bias": -9.624360839843751,
    "x_g_bias": -0.25899390243902437,
    "y_g_bias": -1.482545731707317,
    "z_g_bias": 0.12793445121951222,
    "x_accl_variance": 9.243947776717764e-05,
    "y_accl_variance": 0.00010857201485178577,
    "z_accl_variance": 0.00019987696235503497,
    "deadzone_x_a": 0.04807272557468986,
    "deadzone_y_a": 0.05209894789047706,
    "deadzone_z_a": 0.07068892458423649
}