{
    "x_bias": -0.26235739331054686,
    "y_bias": -0.598081580078125,
    "z_bias": -9.61534986328125,
    "x_g_bias": -0.29714939024390247,
    "y_g_bias": -1.4097408536585367,
    "z_g_bias": 0.14350609756097563,
    "deadzone_x_a": 0.05885336499023436,
    "deadzone_y_a": 0.04355465039062502,
    "deadzone_z_a": 0.06981385253906215,
    "deadzone_x_g": 0.320015243902439,
    "deadzone_y_g": 0.3661737804878049,
    "deadzone_z_g": 0.2654573170731708
}