{
    "x_accl_bias": -0.32458056640624994,
    "y_accl_bias": -0.61899072265625,
    "z_accl_bias": -9.5331865234375,
    "x_g_bias": -0.2911585365853659,
    "y_g_bias": -1.4820121951219514,
    "z_g_bias": 0.13643292682926833,
    "x_accl_variance": 8.524694467077456e-05,
    "y_accl_variance": 0.00013136695866682084,
    "z_accl_variance": 0.00017148734209489037,
    "deadzone_x_a": 0.027698781598420014,
    "deadzone_y_a": 0.034384627786285364,
    "deadzone_z_a": 0.03928595269118484
}