{
    "x_accl_bias": -0.33627644083658853,
    "y_accl_bias": -0.6240710396321615,
    "z_accl_bias": -9.641079156901041,
    "x_g_bias": -0.2763465447154472,
    "y_g_bias": -1.478582317073171,
    "z_g_bias": 0.12228150406504067,
    "x_accl_variance": 0.00010310816077822213,
    "y_accl_variance": 0.00011841708007467027,
    "z_accl_variance": 0.00015250998353541227,
    "deadzone_x_a": 0.030462656597939702,
    "deadzone_y_a": 0.03264588367117717,
    "deadzone_z_a": 0.03704847975043929
}