{
    "x_accl_bias": -0.3257646484375,
    "y_accl_bias": -0.6158173828124999,
    "z_accl_bias": -9.52811865234375,
    "x_g_bias": -0.2902439024390244,
    "y_g_bias": -1.4827743902439026,
    "z_g_bias": 0.14847560975609758,
    "x_accl_variance": 0.00014241625922066826,
    "y_accl_variance": 9.979393141610264e-05,
    "z_accl_variance": 0.00046172433507685656,
    "deadzone_x_a": 0.059669141777946716,
    "deadzone_y_a": 0.049948456286481625,
    "deadzone_z_a": 0.10743885878452644
}