{
    "x_accl_bias": -0.33163974121093753,
    "y_accl_bias": -0.6255953247070313,
    "z_accl_bias": -9.63828596435547,
    "x_g_bias": -0.29375,
    "y_g_bias": -1.463719512195122,
    "z_g_bias": 0.13612804878048781,
    "x_accl_variance": 0.00010487034445913463,
    "y_accl_variance": 0.00012897059027105565,
    "z_accl_variance": 0.0001517957526961688,
    "deadzone_x_a": 0.030721866807409536,
    "deadzone_y_a": 0.03406956578002574,
    "deadzone_z_a": 0.03696162569835801
}