{
    "x_accl_bias": -0.3857265624999999,
    "y_accl_bias": -0.66985888671875,
    "z_accl_bias": -9.526792480468748,
    "x_g_bias": -0.24054878048780487,
    "y_g_bias": -1.4753048780487805,
    "z_g_bias": 0.12926829268292686,
    "x_accl_variance": 0.00010773239719624422,
    "y_accl_variance": 0.00010575693699778344,
    "z_accl_variance": 0.00020556002466046297,
    "deadzone_x_a": 0.05189710907079609,
    "deadzone_y_a": 0.051419095917223066,
    "deadzone_z_a": 0.0716868231721254
}