{
    "x_bias": -0.3821278935546875,
    "y_bias": -0.6193657072753905,
    "z_bias": -9.651832150146484,
    "x_g_bias": -0.2696646341463415,
    "y_g_bias": -1.4739634146341463,
    "z_g_bias": 0.11525914634146342,
    "deadzone_x_a": 0.06797513378906249,
    "deadzone_y_a": 0.08451881420898442,
    "deadzone_z_a": 0.2930410124511722,
    "deadzone_x_g": 0.4315548780487805,
    "deadzone_y_g": 0.45439024390243915,
    "deadzone_z_g": 0.2810823170731708
}