{
    "x_accl_bias": -0.38314526367187496,
    "y_accl_bias": -0.6727835693359374,
    "z_accl_bias": -9.528130493164063,
    "x_g_bias": -0.26490091463414633,
    "y_g_bias": -1.4698551829268294,
    "z_g_bias": 0.115625,
    "x_accl_variance": 0.0001025590603675075,
    "y_accl_variance": 0.0001088722319908478,
    "z_accl_variance": 0.00016674886658862682,
    "deadzone_x_a": 0.050635723646331815,
    "deadzone_y_a": 0.052170928684193416,
    "deadzone_z_a": 0.06456563842103376
}