{
    "x_accl_bias": -0.3362844213867187,
    "y_accl_bias": -0.623440576171875,
    "z_accl_bias": -9.643409477539063,
    "x_g_bias": -0.28277439024390244,
    "y_g_bias": -1.4920731707317074,
    "z_g_bias": 0.14878048780487807,
    "x_accl_variance": 0.00011398777557543968,
    "y_accl_variance": 0.0001434176359839585,
    "z_accl_variance": 0.00011619402077499832,
    "deadzone_x_a": 0.032029517326662246,
    "deadzone_y_a": 0.0359271307489984,
    "deadzone_z_a": 0.032337999118297114
}