{
    "x_bias": -0.14826106420898438,
    "y_bias": -0.5880308752441407,
    "z_bias": -9.620391974853515,
    "x_g_bias": -0.3583079268292683,
    "y_g_bias": -1.18109756097561,
    "z_g_bias": 0.14452743902439025,
    "deadzone_x_a": 0.09319526831054688,
    "deadzone_y_a": 0.03976708129882816,
    "deadzone_z_a": 0.13343639428710918,
    "deadzone_x_g": 0.3506859756097561,
    "deadzone_y_g": 0.4347560975609756,
    "deadzone_z_g": 0.2664786585365854
}