{
    "x_bias": -0.3527107877197265,
    "y_bias": -0.620871637084961,
    "z_bias": -9.654034781982423,
    "x_g_bias": -0.2877439024390244,
    "y_g_bias": -1.439115853658537,
    "z_g_bias": 0.12192073170731708,
    "deadzone_x_a": 0.039932278686523444,
    "deadzone_y_a": 0.04148369763183593,
    "deadzone_z_a": 0.043856315185547376,
    "deadzone_x_g": 0.2725,
    "deadzone_y_g": 0.3367987804878048,
    "deadzone_z_g": 0.312469512195122
}