{
    "x_bias": -0.14783490283203124,
    "y_bias": -0.5805323503417968,
    "z_bias": -9.596905215820312,
    "x_g_bias": -0.36556402439024394,
    "y_g_bias": -1.1883841463414635,
    "z_g_bias": 0.1546951219512195,
    "deadzone_x_a": 0.12868158251953124,
    "deadzone_y_a": 0.07057519702148439,
    "deadzone_z_a": 0.1351649814453128,
    "deadzone_x_g": 0.28230182926829267,
    "deadzone_y_g": 0.31314024390243905,
    "deadzone_z_g": 0.3559756097560976
}